--------------------------------------------------------
--  File created - Tuesday-July-19-2022   
--------------------------------------------------------
--------------------------------------------------------
--  DDL for Table CLASS
--------------------------------------------------------

  CREATE TABLE "SYSTEM"."CLASS" 
   (	"CLASS_ID" VARCHAR2(10 BYTE), 
	"CLASS_NAME" VARCHAR2(50 BYTE)
   ) PCTFREE 10 PCTUSED 40 INITRANS 1 MAXTRANS 255 NOCOMPRESS LOGGING
  STORAGE(INITIAL 65536 NEXT 1048576 MINEXTENTS 1 MAXEXTENTS 2147483645
  PCTINCREASE 0 FREELISTS 1 FREELIST GROUPS 1 BUFFER_POOL DEFAULT FLASH_CACHE DEFAULT CELL_FLASH_CACHE DEFAULT)
  TABLESPACE "SYSTEM" ;
--------------------------------------------------------
--  DDL for Table CLASS_SUBJECT
--------------------------------------------------------

  CREATE TABLE "SYSTEM"."CLASS_SUBJECT" 
   (	"CLASS_ID" VARCHAR2(10 BYTE), 
	"SUBJECT_ID" VARCHAR2(10 BYTE)
   ) PCTFREE 10 PCTUSED 40 INITRANS 1 MAXTRANS 255 NOCOMPRESS LOGGING
  STORAGE(INITIAL 65536 NEXT 1048576 MINEXTENTS 1 MAXEXTENTS 2147483645
  PCTINCREASE 0 FREELISTS 1 FREELIST GROUPS 1 BUFFER_POOL DEFAULT FLASH_CACHE DEFAULT CELL_FLASH_CACHE DEFAULT)
  TABLESPACE "SYSTEM" ;
--------------------------------------------------------
--  DDL for Table FULL_TIME
--------------------------------------------------------

  CREATE TABLE "SYSTEM"."FULL_TIME" 
   (	"STAFF_ID" VARCHAR2(10 BYTE), 
	"EDUCATIONAL_TYPE" VARCHAR2(30 BYTE)
   ) PCTFREE 10 PCTUSED 40 INITRANS 1 MAXTRANS 255 NOCOMPRESS LOGGING
  STORAGE(INITIAL 65536 NEXT 1048576 MINEXTENTS 1 MAXEXTENTS 2147483645
  PCTINCREASE 0 FREELISTS 1 FREELIST GROUPS 1 BUFFER_POOL DEFAULT FLASH_CACHE DEFAULT CELL_FLASH_CACHE DEFAULT)
  TABLESPACE "SYSTEM" ;
--------------------------------------------------------
--  DDL for Table PARENT
--------------------------------------------------------

  CREATE TABLE "SYSTEM"."PARENT" 
   (	"PARENT_ID" VARCHAR2(10 BYTE), 
	"PARENT_NAME" VARCHAR2(50 BYTE), 
	"PARENT_AGE" VARCHAR2(20 BYTE), 
	"PARENT_PHONE" VARCHAR2(20 BYTE), 
	"PARENT_ADDRESS" VARCHAR2(100 BYTE), 
	"PARENT_EMAIL" VARCHAR2(50 BYTE), 
	"PARENT_PASSWORD" VARCHAR2(20 BYTE)
   ) PCTFREE 10 PCTUSED 40 INITRANS 1 MAXTRANS 255 NOCOMPRESS LOGGING
  STORAGE(INITIAL 65536 NEXT 1048576 MINEXTENTS 1 MAXEXTENTS 2147483645
  PCTINCREASE 0 FREELISTS 1 FREELIST GROUPS 1 BUFFER_POOL DEFAULT FLASH_CACHE DEFAULT CELL_FLASH_CACHE DEFAULT)
  TABLESPACE "SYSTEM" ;
--------------------------------------------------------
--  DDL for Table PART_TIME
--------------------------------------------------------

  CREATE TABLE "SYSTEM"."PART_TIME" 
   (	"STAFF_ID" VARCHAR2(10 BYTE), 
	"OVERTIME_HOURS" NUMBER(10,2)
   ) PCTFREE 10 PCTUSED 40 INITRANS 1 MAXTRANS 255 NOCOMPRESS LOGGING
  STORAGE(INITIAL 65536 NEXT 1048576 MINEXTENTS 1 MAXEXTENTS 2147483645
  PCTINCREASE 0 FREELISTS 1 FREELIST GROUPS 1 BUFFER_POOL DEFAULT FLASH_CACHE DEFAULT CELL_FLASH_CACHE DEFAULT)
  TABLESPACE "SYSTEM" ;
--------------------------------------------------------
--  DDL for Table STAFF
--------------------------------------------------------

  CREATE TABLE "SYSTEM"."STAFF" 
   (	"STAFF_ID" VARCHAR2(10 BYTE), 
	"STAFF_NAME" VARCHAR2(50 BYTE), 
	"STAFF_JOBTYPE" VARCHAR2(50 BYTE), 
	"STAFF_DOB" DATE DEFAULT SYSDATE, 
	"STAFF_PHONE" VARCHAR2(20 BYTE), 
	"STAFF_EMAIL" VARCHAR2(50 BYTE), 
	"STAFF_ADDRESS" VARCHAR2(100 BYTE), 
	"STAFF_GENDER" VARCHAR2(20 BYTE), 
	"STAFF_STATUS" VARCHAR2(20 BYTE), 
	"STAFF_SALARY" NUMBER(10,0), 
	"STAFF_HIREDATE" DATE DEFAULT SYSDATE, 
	"STAFF_PASSWORD" VARCHAR2(20 BYTE), 
	"SUPERVISOR_ID" VARCHAR2(10 BYTE)
   ) PCTFREE 10 PCTUSED 40 INITRANS 1 MAXTRANS 255 NOCOMPRESS LOGGING
  STORAGE(INITIAL 65536 NEXT 1048576 MINEXTENTS 1 MAXEXTENTS 2147483645
  PCTINCREASE 0 FREELISTS 1 FREELIST GROUPS 1 BUFFER_POOL DEFAULT FLASH_CACHE DEFAULT CELL_FLASH_CACHE DEFAULT)
  TABLESPACE "SYSTEM" ;
--------------------------------------------------------
--  DDL for Table STAFF_SUBJECT
--------------------------------------------------------

  CREATE TABLE "SYSTEM"."STAFF_SUBJECT" 
   (	"STAFF_ID" VARCHAR2(10 BYTE), 
	"SUBJECT_ID" VARCHAR2(10 BYTE), 
	"REGISTER_DATE" DATE DEFAULT sysdate
   ) PCTFREE 10 PCTUSED 40 INITRANS 1 MAXTRANS 255 NOCOMPRESS LOGGING
  STORAGE(INITIAL 65536 NEXT 1048576 MINEXTENTS 1 MAXEXTENTS 2147483645
  PCTINCREASE 0 FREELISTS 1 FREELIST GROUPS 1 BUFFER_POOL DEFAULT FLASH_CACHE DEFAULT CELL_FLASH_CACHE DEFAULT)
  TABLESPACE "SYSTEM" ;
--------------------------------------------------------
--  DDL for Table STUDENT
--------------------------------------------------------

  CREATE TABLE "SYSTEM"."STUDENT" 
   (	"STU_ID" VARCHAR2(10 BYTE), 
	"STU_NAME" VARCHAR2(50 BYTE), 
	"STU_GRADE" VARCHAR2(10 BYTE), 
	"STU_GENDER" VARCHAR2(20 BYTE), 
	"STU_DOB" DATE DEFAULT sysdate, 
	"STU_YEAR_ENROLLED" DATE DEFAULT sysdate, 
	"PARENT_ID" VARCHAR2(10 BYTE), 
	"CLASS_ID" VARCHAR2(10 BYTE)
   ) PCTFREE 10 PCTUSED 40 INITRANS 1 MAXTRANS 255 NOCOMPRESS LOGGING
  STORAGE(INITIAL 65536 NEXT 1048576 MINEXTENTS 1 MAXEXTENTS 2147483645
  PCTINCREASE 0 FREELISTS 1 FREELIST GROUPS 1 BUFFER_POOL DEFAULT FLASH_CACHE DEFAULT CELL_FLASH_CACHE DEFAULT)
  TABLESPACE "SYSTEM" ;
--------------------------------------------------------
--  DDL for Table SUBJECT
--------------------------------------------------------

  CREATE TABLE "SYSTEM"."SUBJECT" 
   (	"SUBJECT_ID" VARCHAR2(10 BYTE), 
	"SUBJECT_NAME" VARCHAR2(50 BYTE)
   ) PCTFREE 10 PCTUSED 40 INITRANS 1 MAXTRANS 255 NOCOMPRESS LOGGING
  STORAGE(INITIAL 65536 NEXT 1048576 MINEXTENTS 1 MAXEXTENTS 2147483645
  PCTINCREASE 0 FREELISTS 1 FREELIST GROUPS 1 BUFFER_POOL DEFAULT FLASH_CACHE DEFAULT CELL_FLASH_CACHE DEFAULT)
  TABLESPACE "SYSTEM" ;
REM INSERTING into SYSTEM.CLASS
SET DEFINE OFF;
Insert into SYSTEM.CLASS (CLASS_ID,CLASS_NAME) values ('4','Murni');
Insert into SYSTEM.CLASS (CLASS_ID,CLASS_NAME) values ('5','Bijaksana');
Insert into SYSTEM.CLASS (CLASS_ID,CLASS_NAME) values ('6','Amanah');
REM INSERTING into SYSTEM.CLASS_SUBJECT
SET DEFINE OFF;
Insert into SYSTEM.CLASS_SUBJECT (CLASS_ID,SUBJECT_ID) values ('4','B004');
Insert into SYSTEM.CLASS_SUBJECT (CLASS_ID,SUBJECT_ID) values ('4','H001');
Insert into SYSTEM.CLASS_SUBJECT (CLASS_ID,SUBJECT_ID) values ('4','R004');
Insert into SYSTEM.CLASS_SUBJECT (CLASS_ID,SUBJECT_ID) values ('4','S004');
Insert into SYSTEM.CLASS_SUBJECT (CLASS_ID,SUBJECT_ID) values ('5','B005');
Insert into SYSTEM.CLASS_SUBJECT (CLASS_ID,SUBJECT_ID) values ('5','E005');
Insert into SYSTEM.CLASS_SUBJECT (CLASS_ID,SUBJECT_ID) values ('5','H001');
Insert into SYSTEM.CLASS_SUBJECT (CLASS_ID,SUBJECT_ID) values ('5','I005');
Insert into SYSTEM.CLASS_SUBJECT (CLASS_ID,SUBJECT_ID) values ('5','J005');
Insert into SYSTEM.CLASS_SUBJECT (CLASS_ID,SUBJECT_ID) values ('5','M005');
Insert into SYSTEM.CLASS_SUBJECT (CLASS_ID,SUBJECT_ID) values ('5','S005');
Insert into SYSTEM.CLASS_SUBJECT (CLASS_ID,SUBJECT_ID) values ('6','B006');
Insert into SYSTEM.CLASS_SUBJECT (CLASS_ID,SUBJECT_ID) values ('6','E006');
Insert into SYSTEM.CLASS_SUBJECT (CLASS_ID,SUBJECT_ID) values ('6','H001');
Insert into SYSTEM.CLASS_SUBJECT (CLASS_ID,SUBJECT_ID) values ('6','I006');
Insert into SYSTEM.CLASS_SUBJECT (CLASS_ID,SUBJECT_ID) values ('6','J006');
Insert into SYSTEM.CLASS_SUBJECT (CLASS_ID,SUBJECT_ID) values ('6','M006');
Insert into SYSTEM.CLASS_SUBJECT (CLASS_ID,SUBJECT_ID) values ('6','S006');
REM INSERTING into SYSTEM.FULL_TIME
SET DEFINE OFF;
Insert into SYSTEM.FULL_TIME (STAFF_ID,EDUCATIONAL_TYPE) values ('S002','DIPLOMA');
Insert into SYSTEM.FULL_TIME (STAFF_ID,EDUCATIONAL_TYPE) values ('S004','DEGREE');
Insert into SYSTEM.FULL_TIME (STAFF_ID,EDUCATIONAL_TYPE) values ('S006','MASTER');
Insert into SYSTEM.FULL_TIME (STAFF_ID,EDUCATIONAL_TYPE) values ('S008','DEGREE');
Insert into SYSTEM.FULL_TIME (STAFF_ID,EDUCATIONAL_TYPE) values ('S010','DEGREE');
Insert into SYSTEM.FULL_TIME (STAFF_ID,EDUCATIONAL_TYPE) values ('S012','DIPLOMA');
Insert into SYSTEM.FULL_TIME (STAFF_ID,EDUCATIONAL_TYPE) values ('S014','DIPLOMA');
Insert into SYSTEM.FULL_TIME (STAFF_ID,EDUCATIONAL_TYPE) values ('S016','MASTER');
REM INSERTING into SYSTEM.PARENT
SET DEFINE OFF;
Insert into SYSTEM.PARENT (PARENT_ID,PARENT_NAME,PARENT_AGE,PARENT_PHONE,PARENT_ADDRESS,PARENT_EMAIL,PARENT_PASSWORD) values ('1001','AHMAD SYAZRIL','40','011-2345678','1109, Jalan Perdana Matahari, Taman Permata Hati','ahmad@gmail.com','ahmad123');
Insert into SYSTEM.PARENT (PARENT_ID,PARENT_NAME,PARENT_AGE,PARENT_PHONE,PARENT_ADDRESS,PARENT_EMAIL,PARENT_PASSWORD) values ('1002','HASNAH ','37','013-7271758','29,Jalan Anjung Akasia 9.Taman Anjung Gapam','hasnah@gmail.com','hasnah1998');
Insert into SYSTEM.PARENT (PARENT_ID,PARENT_NAME,PARENT_AGE,PARENT_PHONE,PARENT_ADDRESS,PARENT_EMAIL,PARENT_PASSWORD) values ('1003','SYAZWAN ARIS','33','013-8274683','55,Jalan Penganga 7, Taman Harimau Malaya','syazwan@gmail.com','syazwansmart123');
Insert into SYSTEM.PARENT (PARENT_ID,PARENT_NAME,PARENT_AGE,PARENT_PHONE,PARENT_ADDRESS,PARENT_EMAIL,PARENT_PASSWORD) values ('1004','HARIS AWANG','28','019-8263524','1234, Jalan Abdul Samad 9, Kg Ulu','harisawang@gmail.com','harisrxz');
Insert into SYSTEM.PARENT (PARENT_ID,PARENT_NAME,PARENT_AGE,PARENT_PHONE,PARENT_ADDRESS,PARENT_EMAIL,PARENT_PASSWORD) values ('1005','ZURINA ARIL','34','012-7271652','777,Jalan Sakura 5,Kg Dusun Nyior','zurinaaril@gmail.com','mamacita');
Insert into SYSTEM.PARENT (PARENT_ID,PARENT_NAME,PARENT_AGE,PARENT_PHONE,PARENT_ADDRESS,PARENT_EMAIL,PARENT_PASSWORD) values ('1006','INANG SARI','54','018-7492645','Negeri Kembayan','inangsari@gmail.com','inderalaksamana');
Insert into SYSTEM.PARENT (PARENT_ID,PARENT_NAME,PARENT_AGE,PARENT_PHONE,PARENT_ADDRESS,PARENT_EMAIL,PARENT_PASSWORD) values ('1007','HATAKE KAKASHI','30','011-2639647','KONOHAGAKURE','hatake@gmail.com','animefans');
Insert into SYSTEM.PARENT (PARENT_ID,PARENT_NAME,PARENT_AGE,PARENT_PHONE,PARENT_ADDRESS,PARENT_EMAIL,PARENT_PASSWORD) values ('1008','LOID FORGER','30','012-7364982','TOKYO,JAPAN','loidforger@gmail.com','anyayor');
Insert into SYSTEM.PARENT (PARENT_ID,PARENT_NAME,PARENT_AGE,PARENT_PHONE,PARENT_ADDRESS,PARENT_EMAIL,PARENT_PASSWORD) values ('1009','NAMIKAZE MINATO','54','018-3627462','KONOHAGAKURE, JAPAN','namikaze@gmail.com','kushinanaruto');
Insert into SYSTEM.PARENT (PARENT_ID,PARENT_NAME,PARENT_AGE,PARENT_PHONE,PARENT_ADDRESS,PARENT_EMAIL,PARENT_PASSWORD) values ('P011','ZAFREL KUSHAIRY','44','018-93746283','Taman Permai Indah','zafrel@gmail.com','zafrel123');
Insert into SYSTEM.PARENT (PARENT_ID,PARENT_NAME,PARENT_AGE,PARENT_PHONE,PARENT_ADDRESS,PARENT_EMAIL,PARENT_PASSWORD) values ('1011','DAYANG SARI BINTI DARWIN','44','011-7567891','TAMAN WARISAN PUTERI','dayang@gmail.com','dayang222');
REM INSERTING into SYSTEM.PART_TIME
SET DEFINE OFF;
Insert into SYSTEM.PART_TIME (STAFF_ID,OVERTIME_HOURS) values ('S001',null);
Insert into SYSTEM.PART_TIME (STAFF_ID,OVERTIME_HOURS) values ('S003',0.01);
Insert into SYSTEM.PART_TIME (STAFF_ID,OVERTIME_HOURS) values ('S005',0.15);
Insert into SYSTEM.PART_TIME (STAFF_ID,OVERTIME_HOURS) values ('S007',1.5);
Insert into SYSTEM.PART_TIME (STAFF_ID,OVERTIME_HOURS) values ('S009',null);
Insert into SYSTEM.PART_TIME (STAFF_ID,OVERTIME_HOURS) values ('S011',1.71);
Insert into SYSTEM.PART_TIME (STAFF_ID,OVERTIME_HOURS) values ('S013',null);
Insert into SYSTEM.PART_TIME (STAFF_ID,OVERTIME_HOURS) values ('S015',null);
REM INSERTING into SYSTEM.STAFF
SET DEFINE OFF;
Insert into SYSTEM.STAFF (STAFF_ID,STAFF_NAME,STAFF_JOBTYPE,STAFF_DOB,STAFF_PHONE,STAFF_EMAIL,STAFF_ADDRESS,STAFF_GENDER,STAFF_STATUS,STAFF_SALARY,STAFF_HIREDATE,STAFF_PASSWORD,SUPERVISOR_ID) values ('S001','Iman Raihana','Teacher',to_date('19/08/1996','DD/MM/RRRR'),'019-2399499','imanrai99@gmail.com','9, Jalan Kristal 9, Subang Permai','Female','PART_TIME',1900,to_date('29/03/2022','DD/MM/RRRR'),null,'S008');
Insert into SYSTEM.STAFF (STAFF_ID,STAFF_NAME,STAFF_JOBTYPE,STAFF_DOB,STAFF_PHONE,STAFF_EMAIL,STAFF_ADDRESS,STAFF_GENDER,STAFF_STATUS,STAFF_SALARY,STAFF_HIREDATE,STAFF_PASSWORD,SUPERVISOR_ID) values ('S002','Amira Hani','Management',to_date('19/06/1995','DD/MM/RRRR'),'018-3688214','amirahani@gmail.com','27, Jalan Wira 2/1, Taman Indah','Female','FULL_TIME',3000,to_date('14/12/2020','DD/MM/RRRR'),null,'S008');
Insert into SYSTEM.STAFF (STAFF_ID,STAFF_NAME,STAFF_JOBTYPE,STAFF_DOB,STAFF_PHONE,STAFF_EMAIL,STAFF_ADDRESS,STAFF_GENDER,STAFF_STATUS,STAFF_SALARY,STAFF_HIREDATE,STAFF_PASSWORD,SUPERVISOR_ID) values ('S003','Aqil Harith','Teacher',to_date('16/07/1996','DD/MM/RRRR'),'016-3782256','aqilharith23@gmail.com','101, Jalan Kesuma U3/77, Seksyen U3','Male','PART_TIME',2250,to_date('05/01/2021','DD/MM/RRRR'),null,'S015');
Insert into SYSTEM.STAFF (STAFF_ID,STAFF_NAME,STAFF_JOBTYPE,STAFF_DOB,STAFF_PHONE,STAFF_EMAIL,STAFF_ADDRESS,STAFF_GENDER,STAFF_STATUS,STAFF_SALARY,STAFF_HIREDATE,STAFF_PASSWORD,SUPERVISOR_ID) values ('S004','Intan Amani','Teacher',to_date('21/03/1996','DD/MM/RRRR'),'017-3592581','intanamani@gmail.com','44, Jalan Vista Perdana, Taman Putra Aman','Female','FULL_TIME',1900,to_date('17/02/2022','DD/MM/RRRR'),null,'S015');
Insert into SYSTEM.STAFF (STAFF_ID,STAFF_NAME,STAFF_JOBTYPE,STAFF_DOB,STAFF_PHONE,STAFF_EMAIL,STAFF_ADDRESS,STAFF_GENDER,STAFF_STATUS,STAFF_SALARY,STAFF_HIREDATE,STAFF_PASSWORD,SUPERVISOR_ID) values ('S005','Mohd Fariq','Management',to_date('22/08/1992','DD/MM/RRRR'),'014-2700927','mfariq@gmail.com','26, Jalan Bunga Raya 1, Taman Seri Jaya','Male','PART_TIME',2900,to_date('09/04/2021','DD/MM/RRRR'),null,'S016');
Insert into SYSTEM.STAFF (STAFF_ID,STAFF_NAME,STAFF_JOBTYPE,STAFF_DOB,STAFF_PHONE,STAFF_EMAIL,STAFF_ADDRESS,STAFF_GENDER,STAFF_STATUS,STAFF_SALARY,STAFF_HIREDATE,STAFF_PASSWORD,SUPERVISOR_ID) values ('S006','Hawa Hannania','Teacher',to_date('19/08/1995','DD/MM/RRRR'),'013-7271567','hawahannania@gmail.com','72,Jalan Anjung Akasia 7,Taman Anjung Gapam','Female','FULL_TIME',2900,to_date('10/12/2020','DD/MM/RRRR'),null,'S016');
Insert into SYSTEM.STAFF (STAFF_ID,STAFF_NAME,STAFF_JOBTYPE,STAFF_DOB,STAFF_PHONE,STAFF_EMAIL,STAFF_ADDRESS,STAFF_GENDER,STAFF_STATUS,STAFF_SALARY,STAFF_HIREDATE,STAFF_PASSWORD,SUPERVISOR_ID) values ('S007','Imani Syah','Teacher',to_date('23/12/1994','DD/MM/RRRR'),'019-8765249','imani@gmail.com','68,Jalan Balau 5,Taman Rinting','Female','PART_TIME',2700,to_date('15/12/2020','DD/MM/RRRR'),null,'S016');
Insert into SYSTEM.STAFF (STAFF_ID,STAFF_NAME,STAFF_JOBTYPE,STAFF_DOB,STAFF_PHONE,STAFF_EMAIL,STAFF_ADDRESS,STAFF_GENDER,STAFF_STATUS,STAFF_SALARY,STAFF_HIREDATE,STAFF_PASSWORD,SUPERVISOR_ID) values ('S008','Fazreen ','Management',to_date('12/12/1995','DD/MM/RRRR'),'011-1134568','fazreen@gmail.com','41,Jalan Bollywood 10,Taman Seri Lanka','Male','FULL_TIME',2500,to_date('15/12/2020','DD/MM/RRRR'),null,null);
Insert into SYSTEM.STAFF (STAFF_ID,STAFF_NAME,STAFF_JOBTYPE,STAFF_DOB,STAFF_PHONE,STAFF_EMAIL,STAFF_ADDRESS,STAFF_GENDER,STAFF_STATUS,STAFF_SALARY,STAFF_HIREDATE,STAFF_PASSWORD,SUPERVISOR_ID) values ('S009','Intan Najwa','Teacher',to_date('19/04/1998','DD/MM/RRRR'),'016-2347772','intannajwa@gmail.com','1145, Jalan S2D28, Garden City Homes','Female','PART_TIME',2500,to_date('25/12/2021','DD/MM/RRRR'),null,'S008');
Insert into SYSTEM.STAFF (STAFF_ID,STAFF_NAME,STAFF_JOBTYPE,STAFF_DOB,STAFF_PHONE,STAFF_EMAIL,STAFF_ADDRESS,STAFF_GENDER,STAFF_STATUS,STAFF_SALARY,STAFF_HIREDATE,STAFF_PASSWORD,SUPERVISOR_ID) values ('S010','Akmal Azwa','Management',to_date('01/01/1996','DD/MM/RRRR'),'012-3341734','akmalazwa19@gmail.com','27, Jalan Bunga Raya 2/1, Taman Viska','Male','FULL_TIME',2500,to_date('31/01/2021','DD/MM/RRRR'),null,'S008');
Insert into SYSTEM.STAFF (STAFF_ID,STAFF_NAME,STAFF_JOBTYPE,STAFF_DOB,STAFF_PHONE,STAFF_EMAIL,STAFF_ADDRESS,STAFF_GENDER,STAFF_STATUS,STAFF_SALARY,STAFF_HIREDATE,STAFF_PASSWORD,SUPERVISOR_ID) values ('S011','Hafiz Ahmad','Management',to_date('13/09/1994','DD/MM/RRRR'),'011-3221178','hafizahmad29@gmail.com','12, Jalan Haji Abdul Wahab','Male','PART_TIME',1900,to_date('16/08/2021','DD/MM/RRRR'),null,'S008');
Insert into SYSTEM.STAFF (STAFF_ID,STAFF_NAME,STAFF_JOBTYPE,STAFF_DOB,STAFF_PHONE,STAFF_EMAIL,STAFF_ADDRESS,STAFF_GENDER,STAFF_STATUS,STAFF_SALARY,STAFF_HIREDATE,STAFF_PASSWORD,SUPERVISOR_ID) values ('S012','Nalini ','Admin',to_date('12/02/1992','DD/MM/RRRR'),'017-7883441','nalini96@gmail.com','17-L3, Flat Angkasa Putera','Female','FULL_TIME',3000,to_date('18/07/2020','DD/MM/RRRR'),'nalinicute','S015');
Insert into SYSTEM.STAFF (STAFF_ID,STAFF_NAME,STAFF_JOBTYPE,STAFF_DOB,STAFF_PHONE,STAFF_EMAIL,STAFF_ADDRESS,STAFF_GENDER,STAFF_STATUS,STAFF_SALARY,STAFF_HIREDATE,STAFF_PASSWORD,SUPERVISOR_ID) values ('S013','Siti Fatihah','Teacher',to_date('12/05/1994','DD/MM/RRRR'),'012-1068782','sitifatihah@gmail.com','77, Southville 28,Bandar Baru Bangi','Female','PART_TIME',2500,to_date('19/06/2020','DD/MM/RRRR'),null,'S015');
Insert into SYSTEM.STAFF (STAFF_ID,STAFF_NAME,STAFF_JOBTYPE,STAFF_DOB,STAFF_PHONE,STAFF_EMAIL,STAFF_ADDRESS,STAFF_GENDER,STAFF_STATUS,STAFF_SALARY,STAFF_HIREDATE,STAFF_PASSWORD,SUPERVISOR_ID) values ('S014','Aimi Zulfa','Admin',to_date('29/03/1994','DD/MM/RRRR'),'012-1114662','aimizulfa11@gmail.com','1234, Jalan Alang-Alang 2, Taman Tidurlah','Female','FULL_TIME',2900,to_date('23/01/2021','DD/MM/RRRR'),'iloveu3000','S016');
Insert into SYSTEM.STAFF (STAFF_ID,STAFF_NAME,STAFF_JOBTYPE,STAFF_DOB,STAFF_PHONE,STAFF_EMAIL,STAFF_ADDRESS,STAFF_GENDER,STAFF_STATUS,STAFF_SALARY,STAFF_HIREDATE,STAFF_PASSWORD,SUPERVISOR_ID) values ('S015','Nur Afza','Admin',to_date('13/09/1997','DD/MM/RRRR'),'017-3341478','nurafzaa12@gmail.com','10, Jalan Halimah 11, Taman Baru Kristal','Female','PART_TIME',1500,to_date('13/09/2020','DD/MM/RRRR'),'spyxfamily',null);
Insert into SYSTEM.STAFF (STAFF_ID,STAFF_NAME,STAFF_JOBTYPE,STAFF_DOB,STAFF_PHONE,STAFF_EMAIL,STAFF_ADDRESS,STAFF_GENDER,STAFF_STATUS,STAFF_SALARY,STAFF_HIREDATE,STAFF_PASSWORD,SUPERVISOR_ID) values ('S016','Ahmad Adham','Teacher',to_date('12/08/1999','DD/MM/RRRR'),'018-6766344','adhamahmad23@gmail.com','19, Jalan Permaisuri 12, Taman Peristiwa 7','Male','FULL_TIME',2250,to_date('14/08/2021','DD/MM/RRRR'),null,null);
REM INSERTING into SYSTEM.STAFF_SUBJECT
SET DEFINE OFF;
Insert into SYSTEM.STAFF_SUBJECT (STAFF_ID,SUBJECT_ID,REGISTER_DATE) values ('S001','S004',to_date('31/01/2021','DD/MM/RRRR'));
Insert into SYSTEM.STAFF_SUBJECT (STAFF_ID,SUBJECT_ID,REGISTER_DATE) values ('S003','B004',to_date('05/04/2021','DD/MM/RRRR'));
Insert into SYSTEM.STAFF_SUBJECT (STAFF_ID,SUBJECT_ID,REGISTER_DATE) values ('S002','H001',to_date('12/01/2021','DD/MM/RRRR'));
Insert into SYSTEM.STAFF_SUBJECT (STAFF_ID,SUBJECT_ID,REGISTER_DATE) values ('S004','R004',to_date('31/01/2021','DD/MM/RRRR'));
Insert into SYSTEM.STAFF_SUBJECT (STAFF_ID,SUBJECT_ID,REGISTER_DATE) values ('S005','E005',to_date('05/04/2021','DD/MM/RRRR'));
Insert into SYSTEM.STAFF_SUBJECT (STAFF_ID,SUBJECT_ID,REGISTER_DATE) values ('S006','M005',to_date('12/01/2021','DD/MM/RRRR'));
Insert into SYSTEM.STAFF_SUBJECT (STAFF_ID,SUBJECT_ID,REGISTER_DATE) values ('S007','J005',to_date('31/01/2021','DD/MM/RRRR'));
Insert into SYSTEM.STAFF_SUBJECT (STAFF_ID,SUBJECT_ID,REGISTER_DATE) values ('S009','B005',to_date('05/04/2021','DD/MM/RRRR'));
Insert into SYSTEM.STAFF_SUBJECT (STAFF_ID,SUBJECT_ID,REGISTER_DATE) values ('S008','S005',to_date('12/01/2021','DD/MM/RRRR'));
Insert into SYSTEM.STAFF_SUBJECT (STAFF_ID,SUBJECT_ID,REGISTER_DATE) values ('S010','I005',to_date('31/01/2021','DD/MM/RRRR'));
Insert into SYSTEM.STAFF_SUBJECT (STAFF_ID,SUBJECT_ID,REGISTER_DATE) values ('S012','E006',to_date('05/04/2021','DD/MM/RRRR'));
Insert into SYSTEM.STAFF_SUBJECT (STAFF_ID,SUBJECT_ID,REGISTER_DATE) values ('S011','M006',to_date('12/01/2021','DD/MM/RRRR'));
Insert into SYSTEM.STAFF_SUBJECT (STAFF_ID,SUBJECT_ID,REGISTER_DATE) values ('S014','S006',to_date('31/01/2021','DD/MM/RRRR'));
Insert into SYSTEM.STAFF_SUBJECT (STAFF_ID,SUBJECT_ID,REGISTER_DATE) values ('S013','J006',to_date('05/04/2021','DD/MM/RRRR'));
Insert into SYSTEM.STAFF_SUBJECT (STAFF_ID,SUBJECT_ID,REGISTER_DATE) values ('S016','B006',to_date('12/01/2021','DD/MM/RRRR'));
Insert into SYSTEM.STAFF_SUBJECT (STAFF_ID,SUBJECT_ID,REGISTER_DATE) values ('S015','I006',to_date('31/01/2021','DD/MM/RRRR'));
REM INSERTING into SYSTEM.STUDENT
SET DEFINE OFF;
Insert into SYSTEM.STUDENT (STU_ID,STU_NAME,STU_GRADE,STU_GENDER,STU_DOB,STU_YEAR_ENROLLED,PARENT_ID,CLASS_ID) values ('1001','NUR FARISHA AHMAD','4','FEMALE',to_date('12/05/2018','DD/MM/RRRR'),to_date('01/01/2022','DD/MM/RRRR'),'1001','4');
Insert into SYSTEM.STUDENT (STU_ID,STU_NAME,STU_GRADE,STU_GENDER,STU_DOB,STU_YEAR_ENROLLED,PARENT_ID,CLASS_ID) values ('1002','NUR HASYA WALISYA','5','FEMALE',to_date('17/05/2017','DD/MM/RRRR'),to_date('01/01/2022','DD/MM/RRRR'),'1002','5');
Insert into SYSTEM.STUDENT (STU_ID,STU_NAME,STU_GRADE,STU_GENDER,STU_DOB,STU_YEAR_ENROLLED,PARENT_ID,CLASS_ID) values ('1003','MUHAMMAD AMRAN','6','MALE',to_date('21/04/2016','DD/MM/RRRR'),to_date('01/01/2022','DD/MM/RRRR'),'1003','6');
Insert into SYSTEM.STUDENT (STU_ID,STU_NAME,STU_GRADE,STU_GENDER,STU_DOB,STU_YEAR_ENROLLED,PARENT_ID,CLASS_ID) values ('1004','MUHAMMAD OTHMAN','4','MALE',to_date('03/03/2018','DD/MM/RRRR'),to_date('01/01/2022','DD/MM/RRRR'),'1004','4');
Insert into SYSTEM.STUDENT (STU_ID,STU_NAME,STU_GRADE,STU_GENDER,STU_DOB,STU_YEAR_ENROLLED,PARENT_ID,CLASS_ID) values ('1005','HANAFI AKMAL','5','MALE',to_date('25/03/2017','DD/MM/RRRR'),to_date('01/01/2022','DD/MM/RRRR'),'1005','5');
Insert into SYSTEM.STUDENT (STU_ID,STU_NAME,STU_GRADE,STU_GENDER,STU_DOB,STU_YEAR_ENROLLED,PARENT_ID,CLASS_ID) values ('1006','SABRINA NUR IZYAN','6','FEMALE',to_date('16/06/2016','DD/MM/RRRR'),to_date('01/01/2022','DD/MM/RRRR'),'1003','6');
Insert into SYSTEM.STUDENT (STU_ID,STU_NAME,STU_GRADE,STU_GENDER,STU_DOB,STU_YEAR_ENROLLED,PARENT_ID,CLASS_ID) values ('1007','ANYA FORGER','4','FEMALE',to_date('02/03/2019','DD/MM/RRRR'),to_date('18/07/2022','DD/MM/RRRR'),'1008','4');
Insert into SYSTEM.STUDENT (STU_ID,STU_NAME,STU_GRADE,STU_GENDER,STU_DOB,STU_YEAR_ENROLLED,PARENT_ID,CLASS_ID) values ('1008','UZUMAKI NARUTO','6','MALE',to_date('10/10/2018','DD/MM/RRRR'),to_date('30/07/2021','DD/MM/RRRR'),'1009','6');
Insert into SYSTEM.STUDENT (STU_ID,STU_NAME,STU_GRADE,STU_GENDER,STU_DOB,STU_YEAR_ENROLLED,PARENT_ID,CLASS_ID) values ('1009','HAIKAL PUTRA BIN AHMAD DANIAL','4','MALE',to_date('09/02/2018','DD/MM/RRRR'),to_date('30/08/2021','DD/MM/RRRR'),'1001','4');
REM INSERTING into SYSTEM.SUBJECT
SET DEFINE OFF;
Insert into SYSTEM.SUBJECT (SUBJECT_ID,SUBJECT_NAME) values ('S004','SOCIAL STUDIES');
Insert into SYSTEM.SUBJECT (SUBJECT_ID,SUBJECT_NAME) values ('B004','BASIC ENGLISH');
Insert into SYSTEM.SUBJECT (SUBJECT_ID,SUBJECT_NAME) values ('H001','HEALTH AND PHYSICAL');
Insert into SYSTEM.SUBJECT (SUBJECT_ID,SUBJECT_NAME) values ('R004','READING');
Insert into SYSTEM.SUBJECT (SUBJECT_ID,SUBJECT_NAME) values ('E005','ENGLISH 1');
Insert into SYSTEM.SUBJECT (SUBJECT_ID,SUBJECT_NAME) values ('M005','MATH 1');
Insert into SYSTEM.SUBJECT (SUBJECT_ID,SUBJECT_NAME) values ('J005','JAWI 1');
Insert into SYSTEM.SUBJECT (SUBJECT_ID,SUBJECT_NAME) values ('B005','BAHASA MALAYSIA 1');
Insert into SYSTEM.SUBJECT (SUBJECT_ID,SUBJECT_NAME) values ('S005','SCIENCE 1');
Insert into SYSTEM.SUBJECT (SUBJECT_ID,SUBJECT_NAME) values ('I005','PENDIDIKAN ISLAM 1');
Insert into SYSTEM.SUBJECT (SUBJECT_ID,SUBJECT_NAME) values ('E006','ENGLISH 2');
Insert into SYSTEM.SUBJECT (SUBJECT_ID,SUBJECT_NAME) values ('M006','MATH 2');
Insert into SYSTEM.SUBJECT (SUBJECT_ID,SUBJECT_NAME) values ('S006','SCIENCE 2');
Insert into SYSTEM.SUBJECT (SUBJECT_ID,SUBJECT_NAME) values ('J006','JAWI 2');
Insert into SYSTEM.SUBJECT (SUBJECT_ID,SUBJECT_NAME) values ('B006','BAHASA MALAYSIA 2');
Insert into SYSTEM.SUBJECT (SUBJECT_ID,SUBJECT_NAME) values ('I006','PENDIDIKAN ISLAM 2');
Insert into SYSTEM.SUBJECT (SUBJECT_ID,SUBJECT_NAME) values ('C006','MANDARIN LANGUAGE');
--------------------------------------------------------
--  DDL for Index CLASS_ID_PK
--------------------------------------------------------

  CREATE UNIQUE INDEX "SYSTEM"."CLASS_ID_PK" ON "SYSTEM"."CLASS" ("CLASS_ID") 
  PCTFREE 10 INITRANS 2 MAXTRANS 255 COMPUTE STATISTICS 
  STORAGE(INITIAL 65536 NEXT 1048576 MINEXTENTS 1 MAXEXTENTS 2147483645
  PCTINCREASE 0 FREELISTS 1 FREELIST GROUPS 1 BUFFER_POOL DEFAULT FLASH_CACHE DEFAULT CELL_FLASH_CACHE DEFAULT)
  TABLESPACE "SYSTEM" ;
--------------------------------------------------------
--  DDL for Index CLASS_SUBJECT_PK
--------------------------------------------------------

  CREATE UNIQUE INDEX "SYSTEM"."CLASS_SUBJECT_PK" ON "SYSTEM"."CLASS_SUBJECT" ("CLASS_ID", "SUBJECT_ID") 
  PCTFREE 10 INITRANS 2 MAXTRANS 255 COMPUTE STATISTICS 
  STORAGE(INITIAL 65536 NEXT 1048576 MINEXTENTS 1 MAXEXTENTS 2147483645
  PCTINCREASE 0 FREELISTS 1 FREELIST GROUPS 1 BUFFER_POOL DEFAULT FLASH_CACHE DEFAULT CELL_FLASH_CACHE DEFAULT)
  TABLESPACE "SYSTEM" ;
--------------------------------------------------------
--  DDL for Index FULL_TIME_PK
--------------------------------------------------------

  CREATE UNIQUE INDEX "SYSTEM"."FULL_TIME_PK" ON "SYSTEM"."FULL_TIME" ("STAFF_ID") 
  PCTFREE 10 INITRANS 2 MAXTRANS 255 COMPUTE STATISTICS 
  STORAGE(INITIAL 65536 NEXT 1048576 MINEXTENTS 1 MAXEXTENTS 2147483645
  PCTINCREASE 0 FREELISTS 1 FREELIST GROUPS 1 BUFFER_POOL DEFAULT FLASH_CACHE DEFAULT CELL_FLASH_CACHE DEFAULT)
  TABLESPACE "SYSTEM" ;
--------------------------------------------------------
--  DDL for Index PARENT_ID_PK
--------------------------------------------------------

  CREATE UNIQUE INDEX "SYSTEM"."PARENT_ID_PK" ON "SYSTEM"."PARENT" ("PARENT_ID") 
  PCTFREE 10 INITRANS 2 MAXTRANS 255 COMPUTE STATISTICS 
  STORAGE(INITIAL 65536 NEXT 1048576 MINEXTENTS 1 MAXEXTENTS 2147483645
  PCTINCREASE 0 FREELISTS 1 FREELIST GROUPS 1 BUFFER_POOL DEFAULT FLASH_CACHE DEFAULT CELL_FLASH_CACHE DEFAULT)
  TABLESPACE "SYSTEM" ;
--------------------------------------------------------
--  DDL for Index PARENT_EMAIL_UK
--------------------------------------------------------

  CREATE UNIQUE INDEX "SYSTEM"."PARENT_EMAIL_UK" ON "SYSTEM"."PARENT" ("PARENT_EMAIL") 
  PCTFREE 10 INITRANS 2 MAXTRANS 255 COMPUTE STATISTICS 
  STORAGE(INITIAL 65536 NEXT 1048576 MINEXTENTS 1 MAXEXTENTS 2147483645
  PCTINCREASE 0 FREELISTS 1 FREELIST GROUPS 1 BUFFER_POOL DEFAULT FLASH_CACHE DEFAULT CELL_FLASH_CACHE DEFAULT)
  TABLESPACE "SYSTEM" ;
--------------------------------------------------------
--  DDL for Index PART_TIME_PK
--------------------------------------------------------

  CREATE UNIQUE INDEX "SYSTEM"."PART_TIME_PK" ON "SYSTEM"."PART_TIME" ("STAFF_ID") 
  PCTFREE 10 INITRANS 2 MAXTRANS 255 COMPUTE STATISTICS 
  STORAGE(INITIAL 65536 NEXT 1048576 MINEXTENTS 1 MAXEXTENTS 2147483645
  PCTINCREASE 0 FREELISTS 1 FREELIST GROUPS 1 BUFFER_POOL DEFAULT FLASH_CACHE DEFAULT CELL_FLASH_CACHE DEFAULT)
  TABLESPACE "SYSTEM" ;
--------------------------------------------------------
--  DDL for Index STAFF_ID_PK
--------------------------------------------------------

  CREATE UNIQUE INDEX "SYSTEM"."STAFF_ID_PK" ON "SYSTEM"."STAFF" ("STAFF_ID") 
  PCTFREE 10 INITRANS 2 MAXTRANS 255 COMPUTE STATISTICS 
  STORAGE(INITIAL 65536 NEXT 1048576 MINEXTENTS 1 MAXEXTENTS 2147483645
  PCTINCREASE 0 FREELISTS 1 FREELIST GROUPS 1 BUFFER_POOL DEFAULT FLASH_CACHE DEFAULT CELL_FLASH_CACHE DEFAULT)
  TABLESPACE "SYSTEM" ;
--------------------------------------------------------
--  DDL for Index STAFF_EMAIL_UK
--------------------------------------------------------

  CREATE UNIQUE INDEX "SYSTEM"."STAFF_EMAIL_UK" ON "SYSTEM"."STAFF" ("STAFF_EMAIL") 
  PCTFREE 10 INITRANS 2 MAXTRANS 255 COMPUTE STATISTICS 
  STORAGE(INITIAL 65536 NEXT 1048576 MINEXTENTS 1 MAXEXTENTS 2147483645
  PCTINCREASE 0 FREELISTS 1 FREELIST GROUPS 1 BUFFER_POOL DEFAULT FLASH_CACHE DEFAULT CELL_FLASH_CACHE DEFAULT)
  TABLESPACE "SYSTEM" ;
--------------------------------------------------------
--  DDL for Index STAFF_SUBJECT_PK
--------------------------------------------------------

  CREATE UNIQUE INDEX "SYSTEM"."STAFF_SUBJECT_PK" ON "SYSTEM"."STAFF_SUBJECT" ("STAFF_ID", "SUBJECT_ID") 
  PCTFREE 10 INITRANS 2 MAXTRANS 255 COMPUTE STATISTICS 
  STORAGE(INITIAL 65536 NEXT 1048576 MINEXTENTS 1 MAXEXTENTS 2147483645
  PCTINCREASE 0 FREELISTS 1 FREELIST GROUPS 1 BUFFER_POOL DEFAULT FLASH_CACHE DEFAULT CELL_FLASH_CACHE DEFAULT)
  TABLESPACE "SYSTEM" ;
--------------------------------------------------------
--  DDL for Index STU_ID_PK
--------------------------------------------------------

  CREATE UNIQUE INDEX "SYSTEM"."STU_ID_PK" ON "SYSTEM"."STUDENT" ("STU_ID") 
  PCTFREE 10 INITRANS 2 MAXTRANS 255 COMPUTE STATISTICS 
  STORAGE(INITIAL 65536 NEXT 1048576 MINEXTENTS 1 MAXEXTENTS 2147483645
  PCTINCREASE 0 FREELISTS 1 FREELIST GROUPS 1 BUFFER_POOL DEFAULT FLASH_CACHE DEFAULT CELL_FLASH_CACHE DEFAULT)
  TABLESPACE "SYSTEM" ;
--------------------------------------------------------
--  DDL for Index SUBJECT_ID_PK
--------------------------------------------------------

  CREATE UNIQUE INDEX "SYSTEM"."SUBJECT_ID_PK" ON "SYSTEM"."SUBJECT" ("SUBJECT_ID") 
  PCTFREE 10 INITRANS 2 MAXTRANS 255 COMPUTE STATISTICS 
  STORAGE(INITIAL 65536 NEXT 1048576 MINEXTENTS 1 MAXEXTENTS 2147483645
  PCTINCREASE 0 FREELISTS 1 FREELIST GROUPS 1 BUFFER_POOL DEFAULT FLASH_CACHE DEFAULT CELL_FLASH_CACHE DEFAULT)
  TABLESPACE "SYSTEM" ;
--------------------------------------------------------
--  Constraints for Table CLASS
--------------------------------------------------------

  ALTER TABLE "SYSTEM"."CLASS" ADD CONSTRAINT "CLASS_ID_PK" PRIMARY KEY ("CLASS_ID")
  USING INDEX PCTFREE 10 INITRANS 2 MAXTRANS 255 COMPUTE STATISTICS 
  STORAGE(INITIAL 65536 NEXT 1048576 MINEXTENTS 1 MAXEXTENTS 2147483645
  PCTINCREASE 0 FREELISTS 1 FREELIST GROUPS 1 BUFFER_POOL DEFAULT FLASH_CACHE DEFAULT CELL_FLASH_CACHE DEFAULT)
  TABLESPACE "SYSTEM"  ENABLE;
  ALTER TABLE "SYSTEM"."CLASS" ADD CONSTRAINT "CLASS_NAME_NN" CHECK (class_name is NOT NULL) ENABLE;
--------------------------------------------------------
--  Constraints for Table CLASS_SUBJECT
--------------------------------------------------------

  ALTER TABLE "SYSTEM"."CLASS_SUBJECT" ADD CONSTRAINT "CLASS_SUBJECT_PK" PRIMARY KEY ("CLASS_ID", "SUBJECT_ID")
  USING INDEX PCTFREE 10 INITRANS 2 MAXTRANS 255 COMPUTE STATISTICS 
  STORAGE(INITIAL 65536 NEXT 1048576 MINEXTENTS 1 MAXEXTENTS 2147483645
  PCTINCREASE 0 FREELISTS 1 FREELIST GROUPS 1 BUFFER_POOL DEFAULT FLASH_CACHE DEFAULT CELL_FLASH_CACHE DEFAULT)
  TABLESPACE "SYSTEM"  ENABLE;
--------------------------------------------------------
--  Constraints for Table FULL_TIME
--------------------------------------------------------

  ALTER TABLE "SYSTEM"."FULL_TIME" ADD CONSTRAINT "FULL_TIME_PK" PRIMARY KEY ("STAFF_ID")
  USING INDEX PCTFREE 10 INITRANS 2 MAXTRANS 255 COMPUTE STATISTICS 
  STORAGE(INITIAL 65536 NEXT 1048576 MINEXTENTS 1 MAXEXTENTS 2147483645
  PCTINCREASE 0 FREELISTS 1 FREELIST GROUPS 1 BUFFER_POOL DEFAULT FLASH_CACHE DEFAULT CELL_FLASH_CACHE DEFAULT)
  TABLESPACE "SYSTEM"  ENABLE;
  ALTER TABLE "SYSTEM"."FULL_TIME" ADD CONSTRAINT "EDUCATIONAL_TYPE_NN" CHECK (educational_type is NOT NULL) ENABLE;
--------------------------------------------------------
--  Constraints for Table PARENT
--------------------------------------------------------

  ALTER TABLE "SYSTEM"."PARENT" ADD CONSTRAINT "PARENT_EMAIL_UK" UNIQUE ("PARENT_EMAIL")
  USING INDEX PCTFREE 10 INITRANS 2 MAXTRANS 255 COMPUTE STATISTICS 
  STORAGE(INITIAL 65536 NEXT 1048576 MINEXTENTS 1 MAXEXTENTS 2147483645
  PCTINCREASE 0 FREELISTS 1 FREELIST GROUPS 1 BUFFER_POOL DEFAULT FLASH_CACHE DEFAULT CELL_FLASH_CACHE DEFAULT)
  TABLESPACE "SYSTEM"  ENABLE;
  ALTER TABLE "SYSTEM"."PARENT" ADD CONSTRAINT "PARENT_ID_PK" PRIMARY KEY ("PARENT_ID")
  USING INDEX PCTFREE 10 INITRANS 2 MAXTRANS 255 COMPUTE STATISTICS 
  STORAGE(INITIAL 65536 NEXT 1048576 MINEXTENTS 1 MAXEXTENTS 2147483645
  PCTINCREASE 0 FREELISTS 1 FREELIST GROUPS 1 BUFFER_POOL DEFAULT FLASH_CACHE DEFAULT CELL_FLASH_CACHE DEFAULT)
  TABLESPACE "SYSTEM"  ENABLE;
  ALTER TABLE "SYSTEM"."PARENT" ADD CONSTRAINT "PARENT_EMAIL_NN" CHECK (parent_email is NOT NULL) DISABLE;
  ALTER TABLE "SYSTEM"."PARENT" ADD CONSTRAINT "PARENT_ADDRESS_NN" CHECK (parent_address is NOT NULL) DISABLE;
  ALTER TABLE "SYSTEM"."PARENT" ADD CONSTRAINT "PARENT_PHONE_NN" CHECK (parent_phone is NOT NULL) DISABLE;
  ALTER TABLE "SYSTEM"."PARENT" ADD CONSTRAINT "PARENT_AGE_NN" CHECK (parent_age is NOT NULL) DISABLE;
  ALTER TABLE "SYSTEM"."PARENT" ADD CONSTRAINT "PARENT_NAME_NN" CHECK (parent_name is NOT NULL) DISABLE;
--------------------------------------------------------
--  Constraints for Table PART_TIME
--------------------------------------------------------

  ALTER TABLE "SYSTEM"."PART_TIME" ADD CONSTRAINT "PART_TIME_PK" PRIMARY KEY ("STAFF_ID")
  USING INDEX PCTFREE 10 INITRANS 2 MAXTRANS 255 COMPUTE STATISTICS 
  STORAGE(INITIAL 65536 NEXT 1048576 MINEXTENTS 1 MAXEXTENTS 2147483645
  PCTINCREASE 0 FREELISTS 1 FREELIST GROUPS 1 BUFFER_POOL DEFAULT FLASH_CACHE DEFAULT CELL_FLASH_CACHE DEFAULT)
  TABLESPACE "SYSTEM"  ENABLE;
--------------------------------------------------------
--  Constraints for Table STAFF
--------------------------------------------------------

  ALTER TABLE "SYSTEM"."STAFF" ADD CONSTRAINT "STAFF_EMAIL_UK" UNIQUE ("STAFF_EMAIL")
  USING INDEX PCTFREE 10 INITRANS 2 MAXTRANS 255 COMPUTE STATISTICS 
  STORAGE(INITIAL 65536 NEXT 1048576 MINEXTENTS 1 MAXEXTENTS 2147483645
  PCTINCREASE 0 FREELISTS 1 FREELIST GROUPS 1 BUFFER_POOL DEFAULT FLASH_CACHE DEFAULT CELL_FLASH_CACHE DEFAULT)
  TABLESPACE "SYSTEM"  ENABLE;
  ALTER TABLE "SYSTEM"."STAFF" ADD CONSTRAINT "STAFF_ID_PK" PRIMARY KEY ("STAFF_ID")
  USING INDEX PCTFREE 10 INITRANS 2 MAXTRANS 255 COMPUTE STATISTICS 
  STORAGE(INITIAL 65536 NEXT 1048576 MINEXTENTS 1 MAXEXTENTS 2147483645
  PCTINCREASE 0 FREELISTS 1 FREELIST GROUPS 1 BUFFER_POOL DEFAULT FLASH_CACHE DEFAULT CELL_FLASH_CACHE DEFAULT)
  TABLESPACE "SYSTEM"  ENABLE;
  ALTER TABLE "SYSTEM"."STAFF" ADD CONSTRAINT "STAFF_GENDER_NN" CHECK (staff_gender is NOT NULL) ENABLE;
  ALTER TABLE "SYSTEM"."STAFF" ADD CONSTRAINT "STAFF_ADDRESS_NN" CHECK (staff_address is NOT NULL) ENABLE;
  ALTER TABLE "SYSTEM"."STAFF" ADD CONSTRAINT "STAFF_EMAIL_NN" CHECK (staff_email is NOT NULL) ENABLE;
  ALTER TABLE "SYSTEM"."STAFF" ADD CONSTRAINT "STAFF_PHONE_NN" CHECK (staff_phone is NOT NULL) ENABLE;
  ALTER TABLE "SYSTEM"."STAFF" ADD CONSTRAINT "STAFF_JOBTYPE_NN" CHECK (staff_jobtype is NOT NULL) ENABLE;
  ALTER TABLE "SYSTEM"."STAFF" ADD CONSTRAINT "STAFF_NAME_NN" CHECK (staff_name is NOT NULL) ENABLE;
--------------------------------------------------------
--  Constraints for Table STAFF_SUBJECT
--------------------------------------------------------

  ALTER TABLE "SYSTEM"."STAFF_SUBJECT" ADD CONSTRAINT "STAFF_SUBJECT_PK" PRIMARY KEY ("STAFF_ID", "SUBJECT_ID")
  USING INDEX PCTFREE 10 INITRANS 2 MAXTRANS 255 COMPUTE STATISTICS 
  STORAGE(INITIAL 65536 NEXT 1048576 MINEXTENTS 1 MAXEXTENTS 2147483645
  PCTINCREASE 0 FREELISTS 1 FREELIST GROUPS 1 BUFFER_POOL DEFAULT FLASH_CACHE DEFAULT CELL_FLASH_CACHE DEFAULT)
  TABLESPACE "SYSTEM"  ENABLE;
--------------------------------------------------------
--  Constraints for Table STUDENT
--------------------------------------------------------

  ALTER TABLE "SYSTEM"."STUDENT" ADD CONSTRAINT "STU_ID_PK" PRIMARY KEY ("STU_ID")
  USING INDEX PCTFREE 10 INITRANS 2 MAXTRANS 255 COMPUTE STATISTICS 
  STORAGE(INITIAL 65536 NEXT 1048576 MINEXTENTS 1 MAXEXTENTS 2147483645
  PCTINCREASE 0 FREELISTS 1 FREELIST GROUPS 1 BUFFER_POOL DEFAULT FLASH_CACHE DEFAULT CELL_FLASH_CACHE DEFAULT)
  TABLESPACE "SYSTEM"  ENABLE;
  ALTER TABLE "SYSTEM"."STUDENT" ADD CONSTRAINT "STU_GENDER_NN" CHECK (stu_gender is NOT NULL) DISABLE;
  ALTER TABLE "SYSTEM"."STUDENT" ADD CONSTRAINT "STU_GRADE_NN" CHECK (stu_grade is NOT NULL) DISABLE;
  ALTER TABLE "SYSTEM"."STUDENT" ADD CONSTRAINT "STU_NAME_NN" CHECK (stu_name is NOT NULL) DISABLE;
--------------------------------------------------------
--  Constraints for Table SUBJECT
--------------------------------------------------------

  ALTER TABLE "SYSTEM"."SUBJECT" ADD CONSTRAINT "SUBJECT_ID_PK" PRIMARY KEY ("SUBJECT_ID")
  USING INDEX PCTFREE 10 INITRANS 2 MAXTRANS 255 COMPUTE STATISTICS 
  STORAGE(INITIAL 65536 NEXT 1048576 MINEXTENTS 1 MAXEXTENTS 2147483645
  PCTINCREASE 0 FREELISTS 1 FREELIST GROUPS 1 BUFFER_POOL DEFAULT FLASH_CACHE DEFAULT CELL_FLASH_CACHE DEFAULT)
  TABLESPACE "SYSTEM"  ENABLE;
  ALTER TABLE "SYSTEM"."SUBJECT" ADD CONSTRAINT "SUBJECT_NAME_NN" CHECK (subject_name is NOT NULL) ENABLE;
--------------------------------------------------------
--  Ref Constraints for Table CLASS_SUBJECT
--------------------------------------------------------

  ALTER TABLE "SYSTEM"."CLASS_SUBJECT" ADD CONSTRAINT "CLASS_ID_FK2" FOREIGN KEY ("CLASS_ID")
	  REFERENCES "SYSTEM"."CLASS" ("CLASS_ID") ENABLE;
  ALTER TABLE "SYSTEM"."CLASS_SUBJECT" ADD CONSTRAINT "SUBJECT_ID_FK2" FOREIGN KEY ("SUBJECT_ID")
	  REFERENCES "SYSTEM"."SUBJECT" ("SUBJECT_ID") ENABLE;
--------------------------------------------------------
--  Ref Constraints for Table FULL_TIME
--------------------------------------------------------

  ALTER TABLE "SYSTEM"."FULL_TIME" ADD CONSTRAINT "STAFF_ID_FK" FOREIGN KEY ("STAFF_ID")
	  REFERENCES "SYSTEM"."STAFF" ("STAFF_ID") ENABLE;
--------------------------------------------------------
--  Ref Constraints for Table PART_TIME
--------------------------------------------------------

  ALTER TABLE "SYSTEM"."PART_TIME" ADD CONSTRAINT "STAFF_ID_FK8" FOREIGN KEY ("STAFF_ID")
	  REFERENCES "SYSTEM"."STAFF" ("STAFF_ID") ENABLE;
--------------------------------------------------------
--  Ref Constraints for Table STAFF_SUBJECT
--------------------------------------------------------

  ALTER TABLE "SYSTEM"."STAFF_SUBJECT" ADD CONSTRAINT "STAFF_ID_FK4" FOREIGN KEY ("STAFF_ID")
	  REFERENCES "SYSTEM"."STAFF" ("STAFF_ID") ENABLE;
  ALTER TABLE "SYSTEM"."STAFF_SUBJECT" ADD CONSTRAINT "SUBJECT_ID_FK4" FOREIGN KEY ("SUBJECT_ID")
	  REFERENCES "SYSTEM"."SUBJECT" ("SUBJECT_ID") ENABLE;
--------------------------------------------------------
--  Ref Constraints for Table STUDENT
--------------------------------------------------------

  ALTER TABLE "SYSTEM"."STUDENT" ADD CONSTRAINT "CLASS_ID_FK1" FOREIGN KEY ("CLASS_ID")
	  REFERENCES "SYSTEM"."CLASS" ("CLASS_ID") DISABLE;
  ALTER TABLE "SYSTEM"."STUDENT" ADD CONSTRAINT "PARENT_ID_FK1" FOREIGN KEY ("PARENT_ID")
	  REFERENCES "SYSTEM"."PARENT" ("PARENT_ID") ENABLE;
